ID,Sprint,Responsable,Fecha entrada Ready,Fecha inicio (En análisis),Fecha En atención,Fecha En validación,Fecha Done,Días bloqueado,Motivo bloqueo,Expedite (S/N)
HU-01,1,Sebastian,2026-10-06,,,,,,,
HU-02,1,Keyla,2026-10-06,,,,,,,
HU-03,1,Keyla,2026-10-06,,,,,,,
HU-05,1,Miguel,2026-10-06,,,2026-10-09,2026-10-09,,,
HU-04,2,Sebastian,2026-10-07,,,,,,,
HU-06,2,Miguel,2026-10-07,2026-10-07,2026-10-07,,,,,
HU-07,2,Keyla,2026-10-07,,,,,,,
HU-08,2,Sebastian,2026-10-07,,,,,,,
HU-09,3,,,,,,,,,
HU-10,3,,,,,,,,,
HU-11,3,,,,,,,,,
HU-12,3,,,,,,,,,
